Area,Item,Element,Year,Unit,Value,Flag,Total Population
Croatia,Raw milk of cattle,Gross Production Index Number (2014-2016 = 100),1992,index,102.34,E,4595865
Croatia,Raw milk of sheep,Gross Production Index Number (2014-2016 = 100),1992,index,75.86,E,4595865
Croatia,Raw milk of cattle,Gross Production Index Number (2014-2016 = 100),1993,index,89.68,E,4555771
Croatia,Raw milk of sheep,Gross Production Index Number (2014-2016 = 100),1993,index,63.77,E,4555771
Croatia,Raw milk of cattle,Gross Production Index Number (2014-2016 = 100),1994,index,86.69,E,4645155
Croatia,Raw milk of sheep,Gross Production Index Number (2014-2016 = 100),1994,index,82.58,E,4645155
Croatia,Raw milk of cattle,Gross Production Index Number (2014-2016 = 100),1995,index,85.8,E,4658893
Croatia,Raw milk of sheep,Gross Production Index Number (2014-2016 = 100),1995,index,61.28,E,4658893
Croatia,Raw milk of cattle,Gross Production Index Number (2014-2016 = 100),1996,index,89.82,E,4581167
Croatia,Raw milk of sheep,Gross Production Index Number (2014-2016 = 100),1996,index,68.75,E,4581167
Croatia,Raw milk of cattle,Gross Production Index Number (2014-2016 = 100),1997,index,89.89,E,4533028
Croatia,Raw milk of sheep,Gross Production Index Number (2014-2016 = 100),1997,index,84.64,E,4533028
Croatia,Raw milk of cattle,Gross Production Index Number (2014-2016 = 100),1998,index,91.69,E,4536812
Croatia,Raw milk of sheep,Gross Production Index Number (2014-2016 = 100),1998,index,90.58,E,4536812
Croatia,Raw milk of cattle,Gross Production Index Number (2014-2016 = 100),1999,index,89.91,E,4527460
Croatia,Raw milk of sheep,Gross Production Index Number (2014-2016 = 100),1999,index,111.22,E,4527460
Croatia,Raw milk of cattle,Gross Production Index Number (2014-2016 = 100),2000,index,87.67,E,4497735
Croatia,Raw milk of sheep,Gross Production Index Number (2014-2016 = 100),2000,index,125.45,E,4497735
Croatia,Raw milk of cattle,Gross Production Index Number (2014-2016 = 100),2001,index,94.61,E,4295406
Croatia,Raw milk of sheep,Gross Production Index Number (2014-2016 = 100),2001,index,118.41,E,4295406
Croatia,Raw milk of cattle,Gross Production Index Number (2014-2016 = 100),2002,index,100.61,E,4305494
Croatia,Raw milk of sheep,Gross Production Index Number (2014-2016 = 100),2002,index,136.01,E,4305494
Croatia,Raw milk of cattle,Gross Production Index Number (2014-2016 = 100),2003,index,95.72,E,4305384
Croatia,Raw milk of sheep,Gross Production Index Number (2014-2016 = 100),2003,index,106.86,E,4305384
Croatia,Raw milk of cattle,Gross Production Index Number (2014-2016 = 100),2004,index,98.88,E,4305725
Croatia,Raw milk of goats,Gross Production Index Number (2014-2016 = 100),2004,index,169.02,E,4305725
Croatia,Raw milk of sheep,Gross Production Index Number (2014-2016 = 100),2004,index,118.8,E,4305725
Croatia,Raw milk of cattle,Gross Production Index Number (2014-2016 = 100),2005,index,114.25,E,4310861
Croatia,Raw milk of goats,Gross Production Index Number (2014-2016 = 100),2005,index,172.6,E,4310861
Croatia,Raw milk of sheep,Gross Production Index Number (2014-2016 = 100),2005,index,96.71,E,4310861
Croatia,Raw milk of cattle,Gross Production Index Number (2014-2016 = 100),2006,index,122.62,E,4312487
Croatia,Raw milk of goats,Gross Production Index Number (2014-2016 = 100),2006,index,162.2,E,4312487
Croatia,Raw milk of sheep,Gross Production Index Number (2014-2016 = 100),2006,index,100.41,E,4312487
Croatia,Raw milk of cattle,Gross Production Index Number (2014-2016 = 100),2007,index,124.15,E,4313530
Croatia,Raw milk of goats,Gross Production Index Number (2014-2016 = 100),2007,index,175.8,E,4313530
Croatia,Raw milk of sheep,Gross Production Index Number (2014-2016 = 100),2007,index,94.94,E,4313530
Croatia,Raw milk of cattle,Gross Production Index Number (2014-2016 = 100),2008,index,119.29,E,4311967
Croatia,Raw milk of goats,Gross Production Index Number (2014-2016 = 100),2008,index,159.28,E,4311967
Croatia,Raw milk of sheep,Gross Production Index Number (2014-2016 = 100),2008,index,113.04,E,4311967
Croatia,Raw milk of cattle,Gross Production Index Number (2014-2016 = 100),2009,index,115.44,E,4309796
Croatia,Raw milk of goats,Gross Production Index Number (2014-2016 = 100),2009,index,148.88,E,4309796
Croatia,Raw milk of sheep,Gross Production Index Number (2014-2016 = 100),2009,index,104.35,E,4309796
Croatia,Raw milk of cattle,Gross Production Index Number (2014-2016 = 100),2010,index,111.11,E,4302847
Croatia,Raw milk of goats,Gross Production Index Number (2014-2016 = 100),2010,index,109.43,E,4302847
Croatia,Raw milk of sheep,Gross Production Index Number (2014-2016 = 100),2010,index,88.94,E,4302847
Croatia,Raw milk of cattle,Gross Production Index Number (2014-2016 = 100),2011,index,112.7,E,4289857
Croatia,Raw milk of goats,Gross Production Index Number (2014-2016 = 100),2011,index,113.06,E,4289857
Croatia,Raw milk of sheep,Gross Production Index Number (2014-2016 = 100),2011,index,162.32,E,4289857
Croatia,Raw milk of cattle,Gross Production Index Number (2014-2016 = 100),2012,index,116.96,E,4275984
Croatia,Raw milk of goats,Gross Production Index Number (2014-2016 = 100),2012,index,140.33,E,4275984
Croatia,Raw milk of sheep,Gross Production Index Number (2014-2016 = 100),2012,index,83.07,E,4275984
Croatia,Raw milk of cattle,Gross Production Index Number (2014-2016 = 100),2013,index,103.59,E,4262140
Croatia,Raw milk of goats,Gross Production Index Number (2014-2016 = 100),2013,index,144.4,E,4262140
Croatia,Raw milk of sheep,Gross Production Index Number (2014-2016 = 100),2013,index,133.33,E,4262140
Croatia,Raw milk of cattle,Gross Production Index Number (2014-2016 = 100),2014,index,102.78,E,4246809
Croatia,Raw milk of goats,Gross Production Index Number (2014-2016 = 100),2014,index,115.3,E,4246809
Croatia,Raw milk of sheep,Gross Production Index Number (2014-2016 = 100),2014,index,88.41,E,4246809
Croatia,Raw milk of cattle,Gross Production Index Number (2014-2016 = 100),2015,index,100.33,E,4225316
Croatia,Raw milk of goats,Gross Production Index Number (2014-2016 = 100),2015,index,70.52,E,4225316
Croatia,Raw milk of sheep,Gross Production Index Number (2014-2016 = 100),2015,index,91.3,E,4225316
Croatia,Raw milk of cattle,Gross Production Index Number (2014-2016 = 100),2016,index,96.89,E,4190669
Croatia,Raw milk of goats,Gross Production Index Number (2014-2016 = 100),2016,index,114.18,E,4190669
Croatia,Raw milk of sheep,Gross Production Index Number (2014-2016 = 100),2016,index,120.29,E,4190669
Croatia,Raw milk of cattle,Gross Production Index Number (2014-2016 = 100),2017,index,93.68,E,4154213
Croatia,Raw milk of goats,Gross Production Index Number (2014-2016 = 100),2017,index,120.9,E,4154213
Croatia,Raw milk of sheep,Gross Production Index Number (2014-2016 = 100),2017,index,131.88,E,4154213
Croatia,Raw milk of cattle,Gross Production Index Number (2014-2016 = 100),2018,index,89.29,E,4105493
Croatia,Raw milk of goats,Gross Production Index Number (2014-2016 = 100),2018,index,100.75,E,4105493
Croatia,Raw milk of sheep,Gross Production Index Number (2014-2016 = 100),2018,index,101.45,E,4105493
Croatia,Raw milk of cattle,Gross Production Index Number (2014-2016 = 100),2019,index,86.54,E,4076246
Croatia,Raw milk of goats,Gross Production Index Number (2014-2016 = 100),2019,index,100.75,E,4076246
Croatia,Raw milk of sheep,Gross Production Index Number (2014-2016 = 100),2019,index,101.45,E,4076246
Croatia,Raw milk of cattle,Gross Production Index Number (2014-2016 = 100),2020,index,86.11,E,4105267
Croatia,Raw milk of goats,Gross Production Index Number (2014-2016 = 100),2020,index,100.75,E,4105267
Croatia,Raw milk of sheep,Gross Production Index Number (2014-2016 = 100),2020,index,101.45,E,4105267
Denmark,Raw milk of cattle,Gross Production Index Number (2014-2016 = 100),1961,index,103.56,E,4593750
Denmark,Raw milk of cattle,Gross Production Index Number (2014-2016 = 100),1962,index,100.39,E,4629624
Denmark,Raw milk of cattle,Gross Production Index Number (2014-2016 = 100),1963,index,95.35,E,4665829
Denmark,Raw milk of cattle,Gross Production Index Number (2014-2016 = 100),1964,index,98.1,E,4703136
Denmark,Raw milk of cattle,Gross Production Index Number (2014-2016 = 100),1965,index,100.62,E,4741008
Denmark,Raw milk of cattle,Gross Production Index Number (2014-2016 = 100),1966,index,99.46,E,4777015
Denmark,Raw milk of cattle,Gross Production Index Number (2014-2016 = 100),1967,index,97.36,E,4817746
Denmark,Raw milk of cattle,Gross Production Index Number (2014-2016 = 100),1968,index,96.13,E,4852962
Denmark,Raw milk of cattle,Gross Production Index Number (2014-2016 = 100),1969,index,91.34,E,4876803
Denmark,Raw milk of cattle,Gross Production Index Number (2014-2016 = 100),1970,index,83.99,E,4906916
Denmark,Raw milk of cattle,Gross Production Index Number (2014-2016 = 100),1971,index,82.62,E,4950598
Denmark,Raw milk of cattle,Gross Production Index Number (2014-2016 = 100),1972,index,86.9,E,4975653
Denmark,Raw milk of cattle,Gross Production Index Number (2014-2016 = 100),1973,index,88.66,E,5007538
Denmark,Raw milk of cattle,Gross Production Index Number (2014-2016 = 100),1974,index,90.32,E,5036184
Denmark,Raw milk of cattle,Gross Production Index Number (2014-2016 = 100),1975,index,92.21,E,5054410
Denmark,Raw milk of cattle,Gross Production Index Number (2014-2016 = 100),1976,index,94.58,E,5065313
Denmark,Raw milk of cattle,Gross Production Index Number (2014-2016 = 100),1977,index,96.33,E,5079879
Denmark,Raw milk of cattle,Gross Production Index Number (2014-2016 = 100),1978,index,99.8,E,5096959
Denmark,Raw milk of cattle,Gross Production Index Number (2014-2016 = 100),1979,index,97.96,E,5111537
Denmark,Raw milk of cattle,Gross Production Index Number (2014-2016 = 100),1980,index,95.93,E,5122065
Denmark,Raw milk of cattle,Gross Production Index Number (2014-2016 = 100),1981,index,94.43,E,5123989
Denmark,Raw milk of cattle,Gross Production Index Number (2014-2016 = 100),1982,index,97.8,E,5119155
Denmark,Raw milk of cattle,Gross Production Index Number (2014-2016 = 100),1983,index,101.74,E,5116464
Denmark,Raw milk of cattle,Gross Production Index Number (2014-2016 = 100),1984,index,98.12,E,5112130
Denmark,Raw milk of cattle,Gross Production Index Number (2014-2016 = 100),1985,index,95.58,E,5111108
Denmark,Raw milk of cattle,Gross Production Index Number (2014-2016 = 100),1986,index,95.81,E,5116273
Denmark,Raw milk of cattle,Gross Production Index Number (2014-2016 = 100),1987,index,91.1,E,5124794
Denmark,Raw milk of cattle,Gross Production Index Number (2014-2016 = 100),1988,index,88.85,E,5129254
Denmark,Raw milk of cattle,Gross Production Index Number (2014-2016 = 100),1989,index,89.0,E,5129778
Denmark,Raw milk of cattle,Gross Production Index Number (2014-2016 = 100),1990,index,88.9,E,5135409
Denmark,Raw milk of cattle,Gross Production Index Number (2014-2016 = 100),1991,index,86.99,E,5146469
Denmark,Raw milk of cattle,Gross Production Index Number (2014-2016 = 100),1992,index,82.58,E,5162126
Denmark,Raw milk of cattle,Gross Production Index Number (2014-2016 = 100),1993,index,83.62,E,5180614
Denmark,Raw milk of cattle,Gross Production Index Number (2014-2016 = 100),1994,index,83.28,E,5196642
Denmark,Raw milk of cattle,Gross Production Index Number (2014-2016 = 100),1995,index,87.66,E,5215718
Denmark,Raw milk of cattle,Gross Production Index Number (2014-2016 = 100),1996,index,88.02,E,5251027
Denmark,Raw milk of cattle,Gross Production Index Number (2014-2016 = 100),1997,index,86.83,E,5275121
Denmark,Raw milk of cattle,Gross Production Index Number (2014-2016 = 100),1998,index,87.5,E,5294860
Denmark,Raw milk of cattle,Gross Production Index Number (2014-2016 = 100),1999,index,87.27,E,5313577
Denmark,Raw milk of cattle,Gross Production Index Number (2014-2016 = 100),2000,index,88.48,E,5330020
Denmark,Raw milk of cattle,Gross Production Index Number (2014-2016 = 100),2001,index,85.36,E,5349212
Denmark,Raw milk of cattle,Gross Production Index Number (2014-2016 = 100),2002,index,86.05,E,5368354
Denmark,Raw milk of cattle,Gross Production Index Number (2014-2016 = 100),2003,index,87.64,E,5383507
Denmark,Raw milk of cattle,Gross Production Index Number (2014-2016 = 100),2004,index,85.66,E,5397640
Denmark,Raw milk of cattle,Gross Production Index Number (2014-2016 = 100),2005,index,85.94,E,5411405
Denmark,Raw milk of cattle,Gross Production Index Number (2014-2016 = 100),2006,index,86.74,E,5427459
Denmark,Raw milk of cattle,Gross Production Index Number (2014-2016 = 100),2007,index,87.17,E,5447084
Denmark,Raw milk of cattle,Gross Production Index Number (2014-2016 = 100),2008,index,88.49,E,5475791
Denmark,Raw milk of cattle,Gross Production Index Number (2014-2016 = 100),2009,index,90.25,E,5511451
Denmark,Raw milk of cattle,Gross Production Index Number (2014-2016 = 100),2010,index,92.04,E,5534738
Denmark,Raw milk of cattle,Gross Production Index Number (2014-2016 = 100),2011,index,91.5,E,5560628
Denmark,Raw milk of cattle,Gross Production Index Number (2014-2016 = 100),2012,index,93.64,E,5580516
Denmark,Raw milk of cattle,Gross Production Index Number (2014-2016 = 100),2013,index,95.7,E,5602628
Denmark,Raw milk of cattle,Gross Production Index Number (2014-2016 = 100),2014,index,97.32,E,5627235
Denmark,Raw milk of cattle,Gross Production Index Number (2014-2016 = 100),2015,index,100.42,E,5659715
Denmark,Raw milk of cattle,Gross Production Index Number (2014-2016 = 100),2016,index,102.27,E,5707251
Denmark,Raw milk of cattle,Gross Production Index Number (2014-2016 = 100),2017,index,104.18,E,5748769
Denmark,Raw milk of cattle,Gross Production Index Number (2014-2016 = 100),2018,index,105.27,E,5781190
Denmark,Raw milk of cattle,Gross Production Index Number (2014-2016 = 100),2019,index,105.27,E,5806081
Denmark,Raw milk of cattle,Gross Production Index Number (2014-2016 = 100),2020,index,106.22,E,5792202
Finland,Raw milk of cattle,Gross Production Index Number (2014-2016 = 100),1961,index,149.64,E,4446222
Finland,Raw milk of cattle,Gross Production Index Number (2014-2016 = 100),1962,index,150.45,E,4475787
Finland,Raw milk of cattle,Gross Production Index Number (2014-2016 = 100),1963,index,155.17,E,4507098
Finland,Raw milk of cattle,Gross Production Index Number (2014-2016 = 100),1964,index,157.98,E,4539519
Finland,Raw milk of cattle,Gross Production Index Number (2014-2016 = 100),1965,index,155.63,E,4557567
Finland,Raw milk of cattle,Gross Production Index Number (2014-2016 = 100),1966,index,152.32,E,4569896
Finland,Raw milk of cattle,Gross Production Index Number (2014-2016 = 100),1967,index,146.97,E,4591842
Finland,Raw milk of cattle,Gross Production Index Number (2014-2016 = 100),1968,index,148.49,E,4619645
Finland,Raw milk of cattle,Gross Production Index Number (2014-2016 = 100),1969,index,148.62,E,4633292
Finland,Raw milk of cattle,Gross Production Index Number (2014-2016 = 100),1970,index,136.68,E,4614277
Finland,Raw milk of cattle,Gross Production Index Number (2014-2016 = 100),1971,index,135.99,E,4598336
Finland,Raw milk of cattle,Gross Production Index Number (2014-2016 = 100),1972,index,135.68,E,4625912
Finland,Raw milk of cattle,Gross Production Index Number (2014-2016 = 100),1973,index,132.41,E,4653401
Finland,Raw milk of cattle,Gross Production Index Number (2014-2016 = 100),1974,index,130.22,E,4678761
Finland,Raw milk of cattle,Gross Production Index Number (2014-2016 = 100),1975,index,130.51,E,4702387
Finland,Raw milk of cattle,Gross Production Index Number (2014-2016 = 100),1976,index,135.21,E,4720492
Finland,Raw milk of cattle,Gross Production Index Number (2014-2016 = 100),1977,index,133.41,E,4730836
Finland,Raw milk of cattle,Gross Production Index Number (2014-2016 = 100),1978,index,133.16,E,4746967
Finland,Raw milk of cattle,Gross Production Index Number (2014-2016 = 100),1979,index,133.85,E,4758088
Finland,Raw milk of cattle,Gross Production Index Number (2014-2016 = 100),1980,index,135.24,E,4771292
Finland,Raw milk of cattle,Gross Production Index Number (2014-2016 = 100),1981,index,131.72,E,4787778
Finland,Raw milk of cattle,Gross Production Index Number (2014-2016 = 100),1982,index,130.89,E,4812150
Finland,Raw milk of cattle,Gross Production Index Number (2014-2016 = 100),1983,index,133.62,E,4841715
Finland,Raw milk of cattle,Gross Production Index Number (2014-2016 = 100),1984,index,133.11,E,4869858
Finland,Raw milk of cattle,Gross Production Index Number (2014-2016 = 100),1985,index,127.31,E,4893748
Finland,Raw milk of cattle,Gross Production Index Number (2014-2016 = 100),1986,index,126.8,E,4910664
Finland,Raw milk of cattle,Gross Production Index Number (2014-2016 = 100),1987,index,121.31,E,4925644
Finland,Raw milk of cattle,Gross Production Index Number (2014-2016 = 100),1988,index,113.67,E,4938602
Finland,Raw milk of cattle,Gross Production Index Number (2014-2016 = 100),1989,index,113.67,E,4954359
Finland,Raw milk of cattle,Gross Production Index Number (2014-2016 = 100),1990,index,116.31,E,4974383
Finland,Raw milk of cattle,Gross Production Index Number (2014-2016 = 100),1991,index,105.96,E,4998478
Finland,Raw milk of cattle,Gross Production Index Number (2014-2016 = 100),1992,index,102.21,E,5029002
Finland,Raw milk of cattle,Gross Production Index Number (2014-2016 = 100),1993,index,101.67,E,5054982
Finland,Raw milk of cattle,Gross Production Index Number (2014-2016 = 100),1994,index,103.71,E,5077912
Finland,Raw milk of cattle,Gross Production Index Number (2014-2016 = 100),1995,index,101.89,E,5098754
Finland,Raw milk of cattle,Gross Production Index Number (2014-2016 = 100),1996,index,100.39,E,5116826
Finland,Raw milk of cattle,Gross Production Index Number (2014-2016 = 100),1997,index,101.69,E,5132320
Finland,Raw milk of cattle,Gross Production Index Number (2014-2016 = 100),1998,index,101.05,E,5147349
Finland,Raw milk of cattle,Gross Production Index Number (2014-2016 = 100),1999,index,99.23,E,5159646
Finland,Raw milk of cattle,Gross Production Index Number (2014-2016 = 100),2000,index,101.17,E,5171302
Finland,Raw milk of cattle,Gross Production Index Number (2014-2016 = 100),2001,index,104.45,E,5181115
Finland,Raw milk of cattle,Gross Production Index Number (2014-2016 = 100),2002,index,104.55,E,5194901
Finland,Raw milk of cattle,Gross Production Index Number (2014-2016 = 100),2003,index,102.06,E,5206295
Finland,Raw milk of cattle,Gross Production Index Number (2014-2016 = 100),2004,index,101.12,E,5219732
Finland,Raw milk of cattle,Gross Production Index Number (2014-2016 = 100),2005,index,100.47,E,5236611
Finland,Raw milk of cattle,Gross Production Index Number (2014-2016 = 100),2006,index,99.64,E,5255580
Finland,Raw milk of cattle,Gross Production Index Number (2014-2016 = 100),2007,index,97.27,E,5276955
Finland,Raw milk of cattle,Gross Production Index Number (2014-2016 = 100),2008,index,95.42,E,5300484
Finland,Raw milk of cattle,Gross Production Index Number (2014-2016 = 100),2009,index,96.29,E,5326314
Finland,Raw milk of cattle,Gross Production Index Number (2014-2016 = 100),2010,index,96.47,E,5351427
Finland,Raw milk of cattle,Gross Production Index Number (2014-2016 = 100),2011,index,95.0,E,5375276
Finland,Raw milk of cattle,Gross Production Index Number (2014-2016 = 100),2012,index,94.83,E,5401267
Finland,Raw milk of cattle,Gross Production Index Number (2014-2016 = 100),2013,index,96.12,E,5426674
Finland,Raw milk of cattle,Gross Production Index Number (2014-2016 = 100),2014,index,99.1,E,5451270
Finland,Raw milk of cattle,Gross Production Index Number (2014-2016 = 100),2015,index,100.58,E,5471753
Finland,Raw milk of cattle,Gross Production Index Number (2014-2016 = 100),2016,index,100.32,E,5487308
Finland,Raw milk of cattle,Gross Production Index Number (2014-2016 = 100),2017,index,99.34,E,5503297
Finland,Raw milk of cattle,Gross Production Index Number (2014-2016 = 100),2018,index,99.01,E,5513130
Finland,Raw milk of cattle,Gross Production Index Number (2014-2016 = 100),2019,index,98.04,E,5517919
Finland,Raw milk of cattle,Gross Production Index Number (2014-2016 = 100),2020,index,99.37,E,5540720
Ireland,Raw milk of cattle,Gross Production Index Number (2014-2016 = 100),1961,index,36.71,E,2821700
Ireland,Raw milk of cattle,Gross Production Index Number (2014-2016 = 100),1962,index,38.19,E,2827100
Ireland,Raw milk of cattle,Gross Production Index Number (2014-2016 = 100),1963,index,38.35,E,2845000
Ireland,Raw milk of cattle,Gross Production Index Number (2014-2016 = 100),1964,index,39.71,E,2860300
Ireland,Raw milk of cattle,Gross Production Index Number (2014-2016 = 100),1965,index,41.1,E,2872800
Ireland,Raw milk of cattle,Gross Production Index Number (2014-2016 = 100),1966,index,42.33,E,2881800
Ireland,Raw milk of cattle,Gross Production Index Number (2014-2016 = 100),1967,index,45.99,E,2895800
Ireland,Raw milk of cattle,Gross Production Index Number (2014-2016 = 100),1968,index,49.06,E,2909100
Ireland,Raw milk of cattle,Gross Production Index Number (2014-2016 = 100),1969,index,49.01,E,2922000
Ireland,Raw milk of cattle,Gross Production Index Number (2014-2016 = 100),1970,index,47.92,E,2943300
Ireland,Raw milk of cattle,Gross Production Index Number (2014-2016 = 100),1971,index,49.26,E,2971200
Ireland,Raw milk of cattle,Gross Production Index Number (2014-2016 = 100),1972,index,51.72,E,3012900
Ireland,Raw milk of cattle,Gross Production Index Number (2014-2016 = 100),1973,index,54.16,E,3060800
Ireland,Raw milk of cattle,Gross Production Index Number (2014-2016 = 100),1974,index,52.04,E,3111100
Ireland,Raw milk of cattle,Gross Production Index Number (2014-2016 = 100),1975,index,55.99,E,3163900
Ireland,Raw milk of cattle,Gross Production Index Number (2014-2016 = 100),1976,index,60.19,E,3215200
Ireland,Raw milk of cattle,Gross Production Index Number (2014-2016 = 100),1977,index,64.78,E,3260900
Ireland,Raw milk of cattle,Gross Production Index Number (2014-2016 = 100),1978,index,73.19,E,3303500
Ireland,Raw milk of cattle,Gross Production Index Number (2014-2016 = 100),1979,index,74.61,E,3354700
Ireland,Raw milk of cattle,Gross Production Index Number (2014-2016 = 100),1980,index,73.51,E,3392800
Ireland,Raw milk of cattle,Gross Production Index Number (2014-2016 = 100),1981,index,72.97,E,3432800
Ireland,Raw milk of cattle,Gross Production Index Number (2014-2016 = 100),1982,index,79.56,E,3473200
Ireland,Raw milk of cattle,Gross Production Index Number (2014-2016 = 100),1983,index,85.68,E,3498400
Ireland,Raw milk of cattle,Gross Production Index Number (2014-2016 = 100),1984,index,89.39,E,3522800
Ireland,Raw milk of cattle,Gross Production Index Number (2014-2016 = 100),1985,index,90.85,E,3542046
Ireland,Raw milk of cattle,Gross Production Index Number (2014-2016 = 100),1986,index,87.59,E,3534117
Ireland,Raw milk of cattle,Gross Production Index Number (2014-2016 = 100),1987,index,86.14,E,3545263
Ireland,Raw milk of cattle,Gross Production Index Number (2014-2016 = 100),1988,index,83.06,E,3534850
Ireland,Raw milk of cattle,Gross Production Index Number (2014-2016 = 100),1989,index,83.86,E,3515048
Ireland,Raw milk of cattle,Gross Production Index Number (2014-2016 = 100),1990,index,84.18,E,3506970
Ireland,Raw milk of cattle,Gross Production Index Number (2014-2016 = 100),1991,index,82.3,E,3520977
Ireland,Raw milk of cattle,Gross Production Index Number (2014-2016 = 100),1992,index,82.99,E,3547492
Ireland,Raw milk of cattle,Gross Production Index Number (2014-2016 = 100),1993,index,82.08,E,3569367
Ireland,Raw milk of cattle,Gross Production Index Number (2014-2016 = 100),1994,index,83.15,E,3583154
Ireland,Raw milk of cattle,Gross Production Index Number (2014-2016 = 100),1995,index,83.31,E,3597617
Ireland,Raw milk of cattle,Gross Production Index Number (2014-2016 = 100),1996,index,82.54,E,3620065
Ireland,Raw milk of cattle,Gross Production Index Number (2014-2016 = 100),1997,index,81.9,E,3654955
Ireland,Raw milk of cattle,Gross Production Index Number (2014-2016 = 100),1998,index,79.33,E,3693386
Ireland,Raw milk of cattle,Gross Production Index Number (2014-2016 = 100),1999,index,79.8,E,3732006
Ireland,Raw milk of cattle,Gross Production Index Number (2014-2016 = 100),2000,index,80.4,E,3777565
Ireland,Raw milk of cattle,Gross Production Index Number (2014-2016 = 100),2001,index,83.86,E,3832783
Ireland,Raw milk of cattle,Gross Production Index Number (2014-2016 = 100),2002,index,83.65,E,3899702
Ireland,Raw milk of cattle,Gross Production Index Number (2014-2016 = 100),2003,index,82.74,E,3964191
Ireland,Raw milk of cattle,Gross Production Index Number (2014-2016 = 100),2004,index,82.09,E,4028851
Ireland,Raw milk of cattle,Gross Production Index Number (2014-2016 = 100),2005,index,78.87,E,4111672
Ireland,Raw milk of cattle,Gross Production Index Number (2014-2016 = 100),2006,index,81.41,E,4208156
Ireland,Raw milk of cattle,Gross Production Index Number (2014-2016 = 100),2007,index,81.41,E,4340118
Ireland,Raw milk of cattle,Gross Production Index Number (2014-2016 = 100),2008,index,79.31,E,4457765
Ireland,Raw milk of cattle,Gross Production Index Number (2014-2016 = 100),2009,index,81.47,E,4521322
Ireland,Raw milk of cattle,Gross Production Index Number (2014-2016 = 100),2010,index,83.01,E,4549428
Ireland,Raw milk of cattle,Gross Production Index Number (2014-2016 = 100),2011,index,86.27,E,4570881
Ireland,Raw milk of cattle,Gross Production Index Number (2014-2016 = 100),2012,index,83.95,E,4589287
Ireland,Raw milk of cattle,Gross Production Index Number (2014-2016 = 100),2013,index,87.01,E,4609779
Ireland,Raw milk of cattle,Gross Production Index Number (2014-2016 = 100),2014,index,90.63,E,4637852
Ireland,Raw milk of cattle,Gross Production Index Number (2014-2016 = 100),2015,index,102.61,E,4677627
Ireland,Raw milk of cattle,Gross Production Index Number (2014-2016 = 100),2016,index,106.76,E,4726286
Ireland,Raw milk of cattle,Gross Production Index Number (2014-2016 = 100),2017,index,116.53,E,4784383
Ireland,Raw milk of cattle,Gross Production Index Number (2014-2016 = 100),2018,index,122.03,E,4830392
Ireland,Raw milk of cattle,Gross Production Index Number (2014-2016 = 100),2019,index,128.47,E,4904240
Ireland,Raw milk of cattle,Gross Production Index Number (2014-2016 = 100),2020,index,133.41,E,4937786
Slovakia,Raw milk of cattle,Gross Production Index Number (2014-2016 = 100),1993,index,132.04,E,5314155
Slovakia,Raw milk of goats,Gross Production Index Number (2014-2016 = 100),1993,index,323.3,E,5314155
Slovakia,Raw milk of sheep,Gross Production Index Number (2014-2016 = 100),1993,index,88.77,E,5314155
Slovakia,Raw milk of cattle,Gross Production Index Number (2014-2016 = 100),1994,index,125.76,E,5336455
Slovakia,Raw milk of goats,Gross Production Index Number (2014-2016 = 100),1994,index,327.23,E,5336455
Slovakia,Raw milk of sheep,Gross Production Index Number (2014-2016 = 100),1994,index,94.37,E,5336455
Slovakia,Raw milk of cattle,Gross Production Index Number (2014-2016 = 100),1995,index,125.4,E,5356207
Slovakia,Raw milk of goats,Gross Production Index Number (2014-2016 = 100),1995,index,331.59,E,5356207
Slovakia,Raw milk of sheep,Gross Production Index Number (2014-2016 = 100),1995,index,99.74,E,5356207
Slovakia,Raw milk of cattle,Gross Production Index Number (2014-2016 = 100),1996,index,118.87,E,5367790
Slovakia,Raw milk of goats,Gross Production Index Number (2014-2016 = 100),1996,index,340.31,E,5367790
Slovakia,Raw milk of sheep,Gross Production Index Number (2014-2016 = 100),1996,index,88.81,E,5367790
Slovakia,Raw milk of cattle,Gross Production Index Number (2014-2016 = 100),1997,index,117.9,E,5378932
Slovakia,Raw milk of goats,Gross Production Index Number (2014-2016 = 100),1997,index,351.44,E,5378932
Slovakia,Raw milk of sheep,Gross Production Index Number (2014-2016 = 100),1997,index,90.43,E,5378932
Slovakia,Raw milk of cattle,Gross Production Index Number (2014-2016 = 100),1998,index,124.22,E,5387650
Slovakia,Raw milk of goats,Gross Production Index Number (2014-2016 = 100),1998,index,427.57,E,5387650
Slovakia,Raw milk of sheep,Gross Production Index Number (2014-2016 = 100),1998,index,94.03,E,5387650
Slovakia,Raw milk of cattle,Gross Production Index Number (2014-2016 = 100),1999,index,122.81,E,5393382
Slovakia,Raw milk of goats,Gross Production Index Number (2014-2016 = 100),1999,index,575.92,E,5393382
Slovakia,Raw milk of sheep,Gross Production Index Number (2014-2016 = 100),1999,index,104.35,E,5393382
Slovakia,Raw milk of cattle,Gross Production Index Number (2014-2016 = 100),2000,index,112.71,E,5398657
Slovakia,Raw milk of goats,Gross Production Index Number (2014-2016 = 100),2000,index,575.92,E,5398657
Slovakia,Raw milk of sheep,Gross Production Index Number (2014-2016 = 100),2000,index,104.35,E,5398657
Slovakia,Raw milk of cattle,Gross Production Index Number (2014-2016 = 100),2001,index,121.18,E,5378783
Slovakia,Raw milk of goats,Gross Production Index Number (2014-2016 = 100),2001,index,488.66,E,5378783
Slovakia,Raw milk of sheep,Gross Production Index Number (2014-2016 = 100),2001,index,101.51,E,5378783
Slovakia,Raw milk of cattle,Gross Production Index Number (2014-2016 = 100),2002,index,126.53,E,5378951
Slovakia,Raw milk of goats,Gross Production Index Number (2014-2016 = 100),2002,index,398.17,E,5378951
Slovakia,Raw milk of sheep,Gross Production Index Number (2014-2016 = 100),2002,index,106.59,E,5378951
Slovakia,Raw milk of cattle,Gross Production Index Number (2014-2016 = 100),2003,index,120.66,E,5374873
Slovakia,Raw milk of goats,Gross Production Index Number (2014-2016 = 100),2003,index,390.62,E,5374873
Slovakia,Raw milk of sheep,Gross Production Index Number (2014-2016 = 100),2003,index,98.66,E,5374873
Slovakia,Raw milk of cattle,Gross Production Index Number (2014-2016 = 100),2004,index,113.94,E,5371875
Slovakia,Raw milk of goats,Gross Production Index Number (2014-2016 = 100),2004,index,388.44,E,5371875
Slovakia,Raw milk of sheep,Gross Production Index Number (2014-2016 = 100),2004,index,88.79,E,5371875
Slovakia,Raw milk of cattle,Gross Production Index Number (2014-2016 = 100),2005,index,116.2,E,5372685
Slovakia,Raw milk of goats,Gross Production Index Number (2014-2016 = 100),2005,index,388.31,E,5372685
Slovakia,Raw milk of sheep,Gross Production Index Number (2014-2016 = 100),2005,index,87.4,E,5372685
Slovakia,Raw milk of cattle,Gross Production Index Number (2014-2016 = 100),2006,index,115.32,E,5372928
Slovakia,Raw milk of goats,Gross Production Index Number (2014-2016 = 100),2006,index,357.77,E,5372928
Slovakia,Raw milk of sheep,Gross Production Index Number (2014-2016 = 100),2006,index,81.05,E,5372928
Slovakia,Raw milk of cattle,Gross Production Index Number (2014-2016 = 100),2007,index,113.52,E,5373180
Slovakia,Raw milk of goats,Gross Production Index Number (2014-2016 = 100),2007,index,349.04,E,5373180
Slovakia,Raw milk of sheep,Gross Production Index Number (2014-2016 = 100),2007,index,82.31,E,5373180
Slovakia,Raw milk of cattle,Gross Production Index Number (2014-2016 = 100),2008,index,111.68,E,5376064
Slovakia,Raw milk of goats,Gross Production Index Number (2014-2016 = 100),2008,index,344.68,E,5376064
Slovakia,Raw milk of sheep,Gross Production Index Number (2014-2016 = 100),2008,index,82.8,E,5376064
Slovakia,Raw milk of cattle,Gross Production Index Number (2014-2016 = 100),2009,index,101.13,E,5382401
Slovakia,Raw milk of goats,Gross Production Index Number (2014-2016 = 100),2009,index,340.31,E,5382401
Slovakia,Raw milk of sheep,Gross Production Index Number (2014-2016 = 100),2009,index,86.1,E,5382401
Slovakia,Raw milk of cattle,Gross Production Index Number (2014-2016 = 100),2010,index,96.97,E,5390410
Slovakia,Raw milk of goats,Gross Production Index Number (2014-2016 = 100),2010,index,290.58,E,5390410
Slovakia,Raw milk of sheep,Gross Production Index Number (2014-2016 = 100),2010,index,88.33,E,5390410
Slovakia,Raw milk of cattle,Gross Production Index Number (2014-2016 = 100),2011,index,98.06,E,5392446
Slovakia,Raw milk of goats,Gross Production Index Number (2014-2016 = 100),2011,index,287.96,E,5392446
Slovakia,Raw milk of sheep,Gross Production Index Number (2014-2016 = 100),2011,index,86.83,E,5392446
Slovakia,Raw milk of cattle,Gross Production Index Number (2014-2016 = 100),2012,index,98.06,E,5404322
Slovakia,Raw milk of goats,Gross Production Index Number (2014-2016 = 100),2012,index,275.74,E,5404322
Slovakia,Raw milk of sheep,Gross Production Index Number (2014-2016 = 100),2012,index,92.5,E,5404322
Slovakia,Raw milk of cattle,Gross Production Index Number (2014-2016 = 100),2013,index,101.35,E,5410836
Slovakia,Raw milk of goats,Gross Production Index Number (2014-2016 = 100),2013,index,279.67,E,5410836
Slovakia,Raw milk of sheep,Gross Production Index Number (2014-2016 = 100),2013,index,92.72,E,5410836
Slovakia,Raw milk of cattle,Gross Production Index Number (2014-2016 = 100),2014,index,98.65,E,5415949
Slovakia,Raw milk of goats,Gross Production Index Number (2014-2016 = 100),2014,index,285.34,E,5415949
Slovakia,Raw milk of sheep,Gross Production Index Number (2014-2016 = 100),2014,index,94.39,E,5415949
Slovakia,Raw milk of cattle,Gross Production Index Number (2014-2016 = 100),2015,index,100.22,E,5421349
Slovakia,Raw milk of goats,Gross Production Index Number (2014-2016 = 100),2015,index,6.72,E,5421349
Slovakia,Raw milk of sheep,Gross Production Index Number (2014-2016 = 100),2015,index,105.73,E,5421349
Slovakia,Raw milk of cattle,Gross Production Index Number (2014-2016 = 100),2016,index,101.14,E,5426252
Slovakia,Raw milk of goats,Gross Production Index Number (2014-2016 = 100),2016,index,7.94,E,5426252
Slovakia,Raw milk of sheep,Gross Production Index Number (2014-2016 = 100),2016,index,99.88,E,5426252
Slovakia,Raw milk of cattle,Gross Production Index Number (2014-2016 = 100),2017,index,98.59,E,5435343
Slovakia,Raw milk of goats,Gross Production Index Number (2014-2016 = 100),2017,index,10.65,E,5435343
Slovakia,Raw milk of sheep,Gross Production Index Number (2014-2016 = 100),2017,index,106.32,E,5435343
Slovakia,Raw milk of cattle,Gross Production Index Number (2014-2016 = 100),2018,index,95.56,E,5443120
Slovakia,Raw milk of goats,Gross Production Index Number (2014-2016 = 100),2018,index,13.53,E,5443120
Slovakia,Raw milk of sheep,Gross Production Index Number (2014-2016 = 100),2018,index,112.78,E,5443120
Slovakia,Raw milk of cattle,Gross Production Index Number (2014-2016 = 100),2019,index,95.52,E,5450421
Slovakia,Raw milk of goats,Gross Production Index Number (2014-2016 = 100),2019,index,15.27,E,5450421
Slovakia,Raw milk of sheep,Gross Production Index Number (2014-2016 = 100),2019,index,103.72,E,5450421
Slovakia,Raw milk of cattle,Gross Production Index Number (2014-2016 = 100),2020,index,96.94,E,5459642
Slovakia,Raw milk of goats,Gross Production Index Number (2014-2016 = 100),2020,index,20.07,E,5459642
Slovakia,Raw milk of sheep,Gross Production Index Number (2014-2016 = 100),2020,index,106.43,E,5459642
